city,company,jobs,description
"Philadelphia, PA",PBR Philly,Nightlife General Manager - PBR Philadelphia,"We in looking for an energetic, experienced and professional individual to a General Manager for this venue to manage the daily operations, motivate employees,..."
"Philadelphia, PA",,Community Marketing Specialist,"Are you stuck behind a desk or job hunting, wishing you could be a part of something new and exciting? Cruise, Resorts, Hotels, Tours, Flights & Car Rentals...."
"Lancaster, PA",,Social Service Coordinator,Previous experience in Hospital/Rehab/LTC Social Work and Discharge plannning needed. Responsible to provide medically related social work services so that each...
"Philadelphia, PA",,Clinical Support Associate- Oncology Clinic,The employee must provide their supervisor with proof of valid certification within 90 days of their start date....
"Bensalem, PA",,d Transit Police Officer,"Possess a high school diploma or GED, and a valid driver's license. SEPTA is recruiting for Transit Police Officers who will be responsible for ensuring the..."
"Lafayette Hill, PA",,Market Research Analyst,Past experience working in general health care or human services is preferred and knowledge of the managed care or commercial insurance field will be a huge...
"Bethlehem, PA",,Psych Tech/Direct Care RTF,"Adhere to all NHS Human Services, County, State, and Federal policies and regulations related to mental health treatment services...."
"Allentown, PA",,Psych Tech I,"Adhere to all NHS Human Services, County, State, and Federal policies and regulations related to mental health treatment services...."
"Bethlehem, PA",St. Luke's Hospital & Health Network,Rheumatology Opportunity 60 miles north of Philadelphia,We see great need with exceptional growth potential for this service line and are looking to develop a world class program....
"Ewing, NJ",Pizza Hut,Shift Leader,"And, you’re at least 18 years old with a valid driver’s license, reliable transportation (not public transportation – you may need to drive to make deposits for..."
"Vineland, NJ",Pizza Hut,Team Member,"It’s about being independent and having fun, making new friends and earning extra cash. And independently-owned franchised or licensed locations may have..."
"Philadelphia, PA",,Manager of Operations - MRI,"A bachelor’s degree in a healthcare related field required. Working for this leading academic medical center means collaboration with top clinical, technical..."
"Philadelphia, PA",,Manager of Operations - Radiology,"A bachelor’s degree in a healthcare related field required. Working for this leading academic medical center means collaboration with top clinical, technical..."
"Springfield, PA",,Executive Team Leader (Assistant Store Manager) Human Resour...,"Develop a strong training culture and makes sure company tools and programs are consistently implemented. Strong cognitive skills, including problem analysis,..."
"Springfield, PA",,Executive Team Leader (Assistant Store Manager) Logistics Ov...,As an Executive Team Leader - Overnight Logistics you'll take the lead as you… Manage the day-to-day operations of the logistics team (early morning/overnight...
"Hackettstown, NJ",,"Store Team Leader (Store Manager)- Hackettstown, NJ","Own and champion Target-brand presentation of the entire store Manage a team of 150-500 team members Work to attain maximum profits, sales, return on investment..."
"Cherry Hill, NJ",,Human Resource Team Member,"Develop a fast, fun and friendly team. Target merchandise discount. Quickly and accurately scan and bag all items and collect payment...."
"Springfield, PA",,Backroom Team Member,"Keep merchandise organized and accessible. Work as part of a fast, fun and friendly Backroom team. Maintain a clean, great-looking store. Quickly and..."
"Trenton, NJ",,Custodian /Mainteance worker,Required license or certification:. Valid Driver's License. Conducts basic maintenance such as minor electrical work and phone cabling....
"Plymouth Meeting, PA",,Field Systems Technician - Seasonal (9720526),"ESSENTIAL DUTIES AND RESPONSIBILITIES - Coordinate the setup, shutdown and support of PC hardware and software for H&R Block's field offices in compliance with..."
"Philadelphia, PA",,Preseason Tax Professional (9700525),"Experience is typically acquired through previous tax preparation, and successful completion of the H&R Block's Tax Knowledge Assessment, H&R Block's Income Tax..."
"Plymouth Meeting, PA",,District Operations Coordinator,"Client matching) Local coordination of a national contract for cleaning of offices, coffee, water or other office amenities...."
"Jenkintown, PA",,Seasonal Operations Support,Ability to drive a motor vehicle and possess a valid drivers license and adequate insurance as required by state law. Also must have a good driving record....
"Wilmington, DE",,Tax Professional - Entry Level,Must complete 18-hour continuing education requirement and meet all other IRS and applicable state requirements. Tax Professional - Entry Level....
"Jenkintown, PA",,Field Systems Technician - Seasonal,"ESSENTIAL DUTIES AND RESPONSIBILITIES • Coordinate the setup, shutdown and support of PC hardware and software for H&R Block's field offices in compliance with..."
"Philadelphia, PA",,Experienced Tax Advisor - Block Advisors,Bachelors degree in Accounting or related field. CPA or Enrolled Agent certification (Circular 230 designation)....
"Breinigsville, PA",The Home Depot,General Warehouse Associates,"What does it take to coordinate the flow of hundreds of thousands of products to the front doors of over 2.2 million customers? RDC – Breinigsville, PA*...."
"Bridgewater, NJ",,Operations (9741422),"Due to forklifts and other heavy equipment traveling through the store, temporary cracks may appear in the floor, causing an uneven walking surface The..."
"Morganville, NJ",,Sales/Customer Service (9741549),"Smile, and make eye contact with customers Ask open ended questions about customer's projects in order to determine their needs and level of expertise Show..."
"Neptune City, NJ",,Cashier,"They provide first level escalation for customer issues and assist in the supervision, coaching and training of other Front End Associates by participating in..."
"Folsom, PA",,Office/Store Support,"Facilitating the maintenance and repair of certain computer system related equipment such as cash registers, scanners, scan guns, monitors, signature capture..."
"Upper Darby, PA",,Operations,"Requires listening for customer service calls, personal pages and general information announcements. May have to handle merchandise and work with tools with..."
"Philadelphia, PA",,Help Wanted,"Now hiring at 9000 Rt 130 South,..."
"Lakehurst, NJ","George Hildebrandt, Inc",Flatbed Driving Jobs for Company Drivers,"2 Years Tractor Trailer Driving Experience. Possessing year-round freight, we understand what truck driving is all about...."
"Lakehurst, NJ",,Flatbed Driving Jobs | Drop and Hook Freight,"2 Years Tractor Trailer Driving Experience. Possessing year-round freight, we understand what truck driving is all about...."
"Plymouth Meeting, PA",,Distribution System Dispatcher I - PECO,"Associates in technical field / High School diploma or equivalent AND a minimum of 2 years of job experience, preferably in the electrical field...."
"Plymouth Meeting, PA",,"Communication Technician 1, Installation & Service","Ability to use basic cable installation tools and hand tools and. Provides written and field assessments, meeting/exceeding Comcast. Performs service calls...."
"Plymouth Meeting, PA",,PT School Age Assistant Teachers,"Formal Education, Work Experience & Certification:. Assistant Teacher positions in our before and after care programs in the Colonial School District...."
"Plymouth Meeting, PA",,Recovery Co-worker,"And as the world’s leader at life at home, you have exceptional opportunities to grow and develop together with us...."
"Plymouth Meeting, PA",,Loan Officer Assistant,"Demonstrated communication, telephone and organizational skills. We have cultivated a fun team environment where there is opportunity to learn and develop..."
"Malvern, PA",Vetaura Labs,Customer Service Representative,"Excellent customer service skills including patience, ability to listen and ability to provide a positive experience with all interactions.• Strong..."
"Malvern, PA",Devault Foods,Quality Assurance Administrator-2nd shift-(Minimum 1 year ex...,Review government documents and sign pre-shipment review and record reviews Potentially become HACCP Certified....
"Malvern, PA",,Receptionist,"The Receptionist will serve as the first point of contact for all incoming clients and guests, and will truly be the ""face of the company""!..."
"Malvern, PA",,Admission Database/Operations Assistant,Assist in answering phones in Visitor Center and provide direction to on-site visitors. The primary responsibilities of the individual in this position is to...
"Malvern, PA",,"FVC Front Desk Coordinator-Malvern, PA",Acts as the facility receptionist while answering incoming referral calls and completing admissions for patients....
"Exton, PA","Maser Consulting, P.A.",Receptionist/Administrative Assistant,Greet guests and employees. Qualified candidates will have previous receptionist experience in a busy office setting....
"Exton, PA",,Marketing Intern,"Applicants should be pursuing a degree in marketing, business or a related field and have a basic working knowledge of e-marketing and social media fundamentals..."
"Exton, PA","Dr. Alan Meshon, D.P.M.",Office Assistant,"Duties also to include front desk work, scheduling, pre-authorizations, and filing. Podiatrist office in Exton, PA seeking a part-time office assistant to..."
"Exton, PA",,Medical Receptionist / Assistant,"Responsibilities include Patient check in / check out, answering phones, preparing charts via EMR system, escorting patients into exam rooms, taking health..."
"Exton, PA",,Assistant Teacher,"Help supervise students in class, between classes, during lunch and recess, and on field trips *DUTIES*. For example, after the teacher presents a lesson, a..."
"Trenton, NJ","PJM Mechanical Contractors, Inc.",Administrative Assistant - Mechanical Contractor,Candidate must have minimum 3 years’ experience with commercial/industrial mechanical contractor or other construction-related firm....
"Trenton, NJ",,Data Entry Operator,"One of out Top Tier State client is looking to hire a Data Entry Operator to join their team in Trenton, NJ. Data Entry, WPM, 10 Key:...."
"Trenton, NJ",,Case Manager,"All positions require a valid driver’s license in good standing, pre-employment drug screening and criminal background check...."
"Trenton, NJ",,Security Counselor - Bo Robinson,"Valid driver’s license. CEC is a leading national provider of rehabilitative services for offenders in reentry and in-prison treatment facilities, as well as..."
"Trenton, NJ",,Administrative Assistant 2,Our experiences with our over 50 million customers each and every day enable us to develop Quality of Life services that reinforce the well-being of individuals...
"Mount Laurel, NJ",Plymouth Rock Management Company of NJ,"Claims Trainee, Property Damage",Prepares dispatch instructions for field personnel to inspect vehicles. Responsible for the investigation of the auto accident to make a liability assessment....
"Mount Laurel, NJ",,Call Center Representative,"Are you interested in working for a company that offers benefits for full-time permanent employees, flex schedules and the opportunity to grow with the company?..."
"Mount Laurel, NJ",,Front Desk Associate,"To assist guests efficiently, courteously and professionally in all Front Desk related functions also to maintain the company's high level of guest service,..."
"Mount Laurel, NJ",,Part Time Administrative Assistant,"Possess a valid driver's license. Accepts responsibility for the timely preparation of student outcomes assessment efforts of the faculty in planning,..."
"Mount Laurel, NJ",,Investigator - Intake Specialist I,Reviews and processes new cases including assigning and logging case numbers and investigators. The main function of Investigator Intake Specialist is to review...
"Philadelphia, PA",,"Sr Analyst, Business Process Management",brings together the best in media and technology. Actively participate in
"Philadelphia, PA",,Administrative Assistant,and other external community activities / service....
"Plymouth Meeting, PA",,"Communication Technician 1, Installation & Service","brings together the best in media and technology. If you share in our passion for teamwork, our vision to revolutionize industries and our goal to lead..."
"Philadelphia, PA",,"Communication Technician 1, Installation & Service",is an EOE/Veterans/Disabled/LGBT employer.
"Philadelphia, PA",,Customer Contact Specialist,"procedures and safe work practices,. Provides written and field assessments, meeting/exceeding..."
"King of Prussia, PA",Legacy Rug Company,Part Time Retail Sales Professional - King of Prussia,"Developing and maintaining your own clientele including phone contact, letters and phone calls. You will learn the facts behind our world famous merchandise..."
Pennsylvania,,Customer Service – Work-from – Home Taking Pizza Orders,"Once you become an independent agent, LiveOps’ client companies require you to complete the LiveOps certification courses and their program-related..."
"Willow Grove, PA",,Patient Services Representative,Handles incoming and outgoing telephone calls in a timely and polite manner. Magee is a founding member of The Christopher Reeve Foundation NeuroRecovery...
"Willow Grove, PA",,New Day to Stop Trafficking Case Manager,Must have a valid driver’s license and reliable transportation to travel from site to site as may be needed in the performance of duties....
"Philadelphia, PA",,"Shop Associate, Thrift Shop - Part Time, 20 hours/week","Solve problems regarding operation of mechanical system of shop, e.g. computer, cash register, etc. Perform routine duties normally assigned to volunteers as..."
"Wayne, PA",TJ Maxx,"Sales Associates, Customer Service, Coordinators and Supervi...","We offer high-growth, high-energy careers right here in your own backyard. Front End Coordinators. Consistent growth and excellent staying power has made TJMaxx..."
"Media, PA",ASD - Answering Service for Directors,2nd Shift Answering Service Rep (Part time),"Dependable team player attitude with an understanding that calls cannot be delayed and must be handled immediately, including weekends, holidays, and days with..."
"Philadelphia, PA",,Administrative Assistant,Directs all incoming calls to appropriate party promptly and efficiently. Answers and screens calls; Greets and directs visitors and act as primary resource for...
"Princeton, NJ",,"Surgery Scheduler- Full Time, Surgical Institute of Reading","This includes procedures in the operating room, GI lab, and arrangements for 23-hour stay. Must demonstrate excellent phone etiquette and exceptional customer..."
"Media, PA",,TALENT ACQUISITION PARTNER,"This role will interact closely with all areas of the organization, facilitating and refining processes through the use of various tools and methodologies...."
"Willow Grove, PA",Legacy Rug Company,Part Time Retail Sales Assistant,You will learn the facts behind our world famous merchandise while developing a clientele all your own. If you have a natural talent for a lush and exotic...
"Philadelphia, PA",Ark Ideas,Marketing Account Executive,"Bachelor’s degree in Marketing, Communications, English or related field. Provide technical support and training via phone and webinar...."
"Willow Grove, PA",,Bus Ticket Seller,Has been providing superior motor coach service since 1947 and our drivers are among the best in the business....
"Royersford, PA",,Administrative Associate,"+ Two year degree in business/office/administrative field preferred. + Ability to complete administrative related tasks such as reviewing, responding to and..."
"Atlantic City, NJ",,Receptionist/Administrative Assistant,"Answer telephone, screen and direct calls*. Home Care Receptionist:. Greet persons entering organization*. Provide general administrative and clerical support*...."
"Wyncote, PA",Abington Hospital - Jefferson Health,"Medical Assistants and Receptionists Open House, Job Fair, A...","Valid driver's license required for practices with multiple sites. Open House, Job Fair, Full Time, Part Time, Days, Evenings, Nights, Weekends, Shift, Schedule..."
"Asbury Park, NJ",Local 130 Seafood,Fish Buyer/Driver,Required license or certification:. Must have clean driving record. Will be responsible to maintain truck and make sure running properly....
"Easton, PA",Phillips Pet Food & Supplies,1st Shift Inventory Control Associate - Warehouse Direct,Two to four years professional office experience desired ideally with previous work experience in the warehouse or transportation field....
"Township of Monroe, NJ",,Office Assistant,"Greet visitors, answer phones, and accept deliveries. The position will work closely with our Operations Manager to ensure that the day-to-day operations within..."
"Camden, NJ",,Customer Service Representative (Multiple Openings Available...,"Customer Service Representatives answer inquiries from our Medicare Advantage members via inbound calls, internet inquiries, and written correspondence...."
"Philadelphia, PA",,"Several Assistant, Associate, and/or Full Professor position...",The
"Philadelphia, PA",,Staff Assistant- PHL,POSITION TITLE: Representative - Station Support POSITION PURPOSE: The position has the responsibility of assisting station management with various
"Philadelphia, PA",,Sr. Project Manager,Senior member of a team that supports the desktop and infrastructure technology needs for all
"Philadelphia, PA",,Staff Assistant- PHL,
"Willow Grove, PA",Abington Hospital - Jefferson Health,"Medical Assistants and Receptionists Open House, Job Fair, A...","Valid driver's license required for practices with multiple sites. Open House, Job Fair, Full Time, Part Time, Days, Evenings, Nights, Weekends, Shift, Schedule..."
"Abington, PA",Abington Hospital - Jefferson Health,"Talent Acquisition Partner, Nursing, Human Resources, Days (...","Under the supervision of the Director of Talent Acquisition, performs various recruitment, selection and placement, counseling and orientation functions to..."
"Quakertown, PA",,2nd/3rd Shift Warehouse,Knowledge of using measuring devices and measurements. Help machine operators with processing of orders. Must be able to read measurements and discern fractions...
"Spring House, PA",,Student Services Associate 2,Penn State University is adding new residential experiences beginning Fall 2017 at the Penn State Abington and Penn State Brandywine campuses....
"Hatboro, PA",,Area Coordinator for First Year Housing,Evaluate and design learning environments within the residential and greater university community that enriches the co-curricular and academic experience of all...
"Philadelphia, PA",EwingCole,Project HVAC Engineer Team 1,"Our current projects include work for Geisinger Medical Center,"
"Philadelphia, PA",,STAFF ATTORNEY-,"Medicine, Cooper"
Pennsylvania,,LAW,"Hospital, United Therapeutics, Alcon/Novartis and the Children..."
Pennsylvania,,Daytime Hospitalist and Director Needed for a Program in Pen...,Law's Toll Public Interest Center (TPIC) is the hub for public service at
"King of Prussia, PA",Legacy Rug Company,Full Time Retail Sales Professional,"Developing and maintaining your own clientele including phone contact, letters and phone calls. You will learn the facts behind our world famous merchandise..."
"King of Prussia, PA",American Transportation Management (ATM),Package Delivery Driver -- Philadelphia,Must Possess Valid PA Driver’s License. Drivers will load and unload their own parcels within the route assigned....
"King of Prussia, PA",Legacy Rug Company,Part Time Retail Sales Assistant,You will learn the facts behind our world famous merchandise while developing a clientele all your own. If you have a natural talent for a lush and exotic...
"Norristown, PA",,Wedding Suite Customer Coordinator - The Plaza at King of Pr...,"Answer telephone calls, schedule and confirm appointments via email. Attend to client needs and answer client questions...."
"Phoenixville, PA",,"Administrative Support, Berman Museum of Art","Address any and all feedback from visitors, phone calls, campus community, etc. When students are needed to help Collections manager cover the reception desk...."
"Allentown, PA",Uline,General Warehouse - Up to $25 per hour,"Operate Crown forklifts, reach trucks and stock pickers. Pick, pack, receive and restock product. Manage stock and inventory control. Ensure order accuracy"
"Allentown, PA",,Security Officer – Security,"Respond to routine and emergency calls for assistance, e.g. fire alarms, gas alarms, door alarms, patient elopements, etc.;..."
"Bethlehem, PA",,Warehouse Associate,"Valid driver’s license and ability to obtain a Penn Dot physical. Serving the community since 1954, Via’s staff and volunteers help individuals and families..."
"Breinigsville, PA",,Adult Services Librarian,No phone calls or walk-ins. Primary responsibilities will be working at the Front Desk for readers advisory/reference/computer assistance;...
"Fogelsville, PA",,Bus Ticket Seller,Has been providing superior motor coach service since 1947 and our drivers are among the best in the business....
"Philadelphia, PA",,Game Presentation Crew Member -,Game Presentation Crew Member -
"Philadelphia, PA",,,
"Philadelphia, PA",,(Philadel...,(
"Philadelphia, PA",,Sales Associate (August/September Start Date) -,", PA). Sales, Service, & Marketing:...."
"Vineland, NJ","WorldWide Jet Charter, Inc.",F/T Charter Flight Coordinator,"Extremely detail-oriented, Working knowledge and experience using the Microsoft Office Suite, including Outlook and Excel Excellent telephone étiquette...."
"Vineland, NJ",Renewal by Andersen of Philadelphia,Part Time - Event and Marketing Representative (Entry Level),"Required license or certification:. Valid driver’s license and insurance. MUST OWN YOUR OWN VEHICLE! Knowledgeable of key all brand info, brand points and..."
"Township of Galloway, NJ",,"Inside Sales Representative, ActiveYards","Handle all calls from beginning to resolution, ensuring proactive communication throughout. Phones should be answered professionally and with a greeting so the..."
"Millville, NJ",,Executive Confidential Aid,"Answer incoming calls and voice mail messages and respond to public inquiries about program requirements, donations of funds and materials –daily...."
"Hammonton, NJ",,Packer/Material Handler,"Assist Operators, Line Lead and Production Supervisor. Looking for PACKERS to work the STARTING SHIFT TIME of 5:15pm!..."
"Atglen, PA",Christiana Cabinetry,Whitewood / Finish Sander,"If you don't have woodworking experience, this is an entry level position that will provide you an opportunity to obtain knowledge and basic skills that are..."
"Kennett Square, PA",Manfredi Cold Storage,Warehouse Supervisor,"Oversee Truck Loading and Unloading. Evaluate employee’s performance as required. Team Leaders, Operators, Runners and Seasonal Employees...."
"Oxford, PA",Inspection Services Group,Marketing Coordinator,Required license or certification:. Incumbent must have the ability to travel locally and have a valid Driver's License. Drivers License and vehicle....
"West Chester, PA",,Special Events Coordinator,"One of the first accredited service dog organizations in the United States, the CPL campus is situated on 45 acres in Southern Chester County (50 miles west of..."
"Cochranville, PA",,Guest Admissions Representative,"Individuals will be responsible for selling daily admission tickets, memberships, and special event tickets along with greeting and communicating pertinent..."
"Cochranville, PA",,Special Events Coordinator,
"Philadelphia, PA",,/ Rail Vehicle Electrical/Electronic Maintainers,"To complement the salary,"
"Philadelphia, PA",,Field Location Clerk Pool,"offers an excellent benefits package, which includes Medical, Prescription, Dental, and Vision coverage as well as a free..."
"Philadelphia, PA",,d Transit Police Officer,We have a competitive benefits package and offer a transportation pass good on all
"Philadelphia, PA",,Field Location Clerk Pool,vehicles. As always with
"Philadelphia, PA",,"Manager, Materials Management",", current employees have the first chance..."
"Philadelphia, PA",,Computer Technician,Traveling Required (Up to 60 miles). Experience in Computer and Network Troubleshooting. 3 to 6 Month contract but high possibility to convert in to a full time...
"Malvern, PA",,Customer Service Rep (3 Days Off),"Take incoming calls from customers who are placing orders, inquiring about our products, returning product, etc. Enter and process orders/returns Answer..."
"Philadelphia, PA",AllThrees,Livery Drivers Wanted,"We supply the vehicle so you only need a valid clean drivers license, an out going personality, and a strong desire to earn money while driving people where..."
"Robbinsville, NJ",,Clinical Support Associate- Oncology Clinic,The employee must provide their supervisor with proof of valid certification within 90 days of their start date....
"Philadelphia, PA",,d Transit Police Officer,"Possess a high school diploma or GED, and a valid driver's license. SEPTA is recruiting for Transit Police Officers who will be responsible for ensuring the..."
"Philadelphia, PA",,Patient Care Associate,The
"Philadelphia, PA",,Director - Residential Treatment Center,
"Philadelphia, PA",,OFFICE COORDINATOR,of
"Philadelphia, PA",,PATIENT SERVICE REPRESENTATIVE,is an equal opportunity employer. Excellent telecommunication skills and demonstrated organizational skills....
"Philadelphia, PA",,OUTPATIENT CLINIC COORDINATOR,Services are provided at five locations--the main
"Philadelphia, PA","Partner's Consulting, Inc.",Business Process Analyst,"Bachelor's or Master's Degree in Computer Science, Information Systems, Business Administration or related field;..."
"Lehigh Valley, PA",,National Medicare Sales Manager,"He/she is expected to quickly learn our own private sales CRM, sales process and company values, and train remote and in-house agents on all aspects of Medicare..."
"Philadelphia, PA",,"Manager, Quality Computer Systems","Education/Qualifications - University/college degree BA/BS preferably in Life Science, Computer Science/Technology, Quality or relevant industry Experience...."
"Malvern, PA",,"Payroll Administrator - West Chester, PA","""I live in and/or am applying for a job in a state that does not require an answer at this time."". YOU WILL BE ASKED TO ANSWER THE CRIMINAL HISTORY QUESTIONS..."
United States,,"Executive Assistant, Global Policy Advocacy and Government A...","Biopharmaceutical company whose mission is to discover, develop and deliver. Leveraging time management techniques to effectively manage own...."
"Florham Park, NJ",,Data Integrity Specialist,Bachelor Degree /Associate’s Degree OR equivalent work experience required. Experience using and configuring ETL tools a strong plus;...
"Morristown, NJ",Cornerstone Family Programs,Accounts Payable Coordinator - Part Time,"Reviews invoices for accuracy, obtains vendor payment authorization and enters them into accounting system properly...."
"Madison, NJ",,"Manager, Information Security Communications & Training","Director of Information Risk Management (IRM) and is responsible to develop a Realogy IS brand, brand strategy, and create an IS awareness and training program..."
"Philadelphia, PA",,Staff Assistant- PHL,"Generates organization of administrative office, including answering phone, typing letters and memos. Organizes and distributes incoming and outgoing mail and..."
"Malvern, PA",,PART-TIME ADMIN ASST B,"Responding to telephone, email, and walk-in inquiries; Scheduling room reservations; Penn adheres to a policy that prohibits discrimination on the basis of race..."
"Philadelphia, PA","P.J. Fitzpatrick, Inc.",Sales Representatives,"Good driving record. If your answers are YES, you need to send in your resume!! Great income and incentives. Professional demeanor and appearance...."
"Philadelphia, PA",,Administrative Assistant,"Answer telephones, relays messages. Other administrative and clerical duties as needed. Typing at 50 wpm;..."
"New Brunswick, NJ",,Part TimeTeller Opening Coming Soon! New Brunswick,"Processes regular Teller transactions for Customers including servicing Customer accounts, accepting loan payments, accepting safe deposit box payments,..."
"Rumson, NJ",,Clinical Support Associate- Oncology Clinic,The employee must provide their supervisor with proof of valid certification within 90 days of their start date....
"Philadelphia, PA",,d Transit Police Officer,"Possess a high school diploma or GED, and a valid driver's license. SEPTA is recruiting for Transit Police Officers who will be responsible for ensuring the..."
"Kennett Square, PA",,Administrative Assistant (hourly),Composes correspondence and answers telephone for Administrator. Whether it's enhancing clinical skills or developing leadership capabilities we actively...
"Leesport, PA",,Rehab Office Coordinator,Certification as a Nursing Assistant is also preferred (unless required by state). Completes technical audits of charts ensuring all documentation is present....
"Quakertown, PA",,Unit Assistant,10.3 Answer telephone and/or place calls as directed. 4.1 Transport customers to the Dining Room to designated seating assignment....
"Kennett Square, PA",,Receptionist,"The Receptionist greets visitors and gives directions to customers, visitors and guests, and supports clerical activities...."
"Media, PA",,Call Center Agent,"Answer incoming calls providing high quality, professional customer service. Make outgoing calls to gather information, resolve issues and update customers...."
"Mount Laurel, NJ",,Banking Specialist,"Arrive on-time and log-in ready to receive/make Customer calls as scheduled throughout the shift. We have built our credibility on professionalism, ethics and..."
"Mount Laurel, NJ",,Compliance Auditor,"They work as a driving force in the title and settlement services industry, operate in 48 states, and have only grown since their start over 30 years ago...."
"Troy Hills, NJ",,Data Entry Temp,Data entry for online systems. This is a temporary assignment running from Aug 15th through November! They will need to keep track of the progress in excel or...
"West Chester, PA",Company Confidential - Building Maint & Facilities Services,Account Manager/Customer Service,"Must have valid driver’s license. Promote and teach safe on-site practices to current staff, vendors, and contractors...."
"West Chester, PA",The Goddard School - Exton,Preschool/Pre-Kindergarten Teacher,"The Goddard School is a premiere preschool for children from six weeks to six years are encouraged to develop at their own pace in a nurturing environment,..."
"West Chester, PA",,"Houseparents (Training Provided) E/O Weekend, $772 per coupl...","Career, Compensation, Employment, Full Time, Job Board, Job Description, job Search, Job Search, Jobs, Occupation, Opening, Part Time, Salary, Schedule, Shift,..."
"West Chester, PA",,"Fall Internship with Interior Design Firm - West Chester, PA",Required license or certification:. This is an opportunity for those interested in a career in the Interior Design field to “learn the ropes” while gaining real...
"West Chester, PA",,"Payroll Administrator - West Chester, PA","""I live in and/or am applying for a job in a state that does not require an answer at this time."". YOU WILL BE ASKED TO ANSWER THE CRIMINAL HISTORY QUESTIONS..."
"Cherry Hill, NJ","P.J. Fitzpatrick, Inc.",Sales Representatives,"Good driving record. If your answers are YES, you need to send in your resume!! Great income and incentives. Professional demeanor and appearance...."
"Cherry Hill, NJ",,"Communication Technician 1, Installation & Service","Ability to use basic cable installation tools and hand tools and. Provides written and field assessments, meeting/exceeding Comcast. Performs service calls...."
"Cherry Hill, NJ",Whole Hog Cafe - World Champion Barbecue,Restaurant - All Positions,"Whole Hog Cafe - World Champion BBQ -- in Cherry Hill, NJ, is seeking Cashiers, Kitchen Staff, and Supervisors...."
"Cherry Hill, NJ",,Website/Social Media Coordinator,"This includes tracking and analysis of social media conversations across various platforms, maintenance of our brands' social media sites...."
"Cherry Hill, NJ",,Medical/Clinical Assistant,"Prior exposure to the medical field is not required, but willingness to work hard and ability to work with others is a must...."
"Newark, DE",,"HR Employment Coordinator - Newark, DE","Here, you can learn by doing, exceed your own expectations and conquer new career challenges. We’re a team of thoroughbreds with a passion for generating..."
"Newark, DE",,Chemical Operator (First Shift,"Provides assistance to the Biochemist in a wide variety of routine technical assignments and also perform testing of the development of materials,..."
"Newark, DE",,Fitness sales associate,Must be at least 18 years old with a valid driver's license to apply. Membership Sales &mdash;We use a proven system that helps our guests overcome their own...
"Newark, DE",,Surgical Scheduler Job,The Clerk VI is responsible for coordinating and performing clerical billing/scheduling duties to enhance the functioning of the Operating Rooms....
"Newark, DE",,Student Services Support Staff,The Student Services Support Staff will provide support to an entire school building. Teach students self-regulation skills....
"Reading, PA",,"Customer Service Representative, Billing, Part Time, Days (A...","Career, Employment, Jobs, Opening, Shift, Schedule, Staff, Department, Unit, Office, Occupation, Compensation, Salary, Benefits, Description, Days, Evenings,..."
"Reading, PA",,XFINITY Sales Associate,"And your managers and sales support the team will have your back --going on ride-alongs, attending weekly team huddles and giving you the tools you need to..."
"Reading, PA",,Production Supervisor,"Basic computer knowledge including, but not limited to, Microsoft Office and SAP -Knowledge of safety related issues, including compliance with State, Federal..."
"Reading, PA",,Warehouse Distribution Associate - Second Shift,"ENTRY LEVEL - PAID TRAINING PROVIDED. Offers of employment with Fromm Electric Supply are subject to pre-employment reference check, criminal background check,..."
"Reading, PA",,Merchandiser,"A valid driver's license with a clean driving record with no major violations over the last three (3) years. Working in grocery, retail, warehousing, or related..."
"Bethlehem, PA",,Sort Observation for Package Handler,"Daily activities include assisting with warehouse operations, performing entry level warehouse and dock-related tasks, loading and unloading trucks, shipping..."
"Bethlehem, PA",,Hiring Event!! Warehouse Positions (On The Spot Offers) Augu...,"Career Fair will be held August 10th, 2016 from 9am-4pm at 4000 Township Line, Bethlehem, PA 18020. 4000 Township Line, Bethlehem, PA 18020...."
"Bethlehem, PA",Covenant Services Worldwide,SECURITY OFFICER,Must have high school diploma or GED • Must be at least 18 years of age or older as required by contractual requirements • Must have a valid driver’s license •...
"Bethlehem, PA",,"Seasonal Warehouse Associate-Bethlehem, PA","Looking to supplement your income? Currently working, but looking for extra income for the holidays? Come join our fast-paced, friendly environment!..."
"Bethlehem, PA",,Sales Representative (Trainee),"Full benefit position, will pay for licensing. The role will be expanded to cover sales sites while the community specialist is off...."
"King of Prussia, PA",Legacy Rug Company,Full time Retail Sales Assistant,You will learn the facts behind our world famous merchandise while developing a clientele all your own. If you have a natural talent for a lush and exotic...
"King of Prussia, PA",,Floating Leasing Consultant,Must have valid Drivers License. Required license or certification:. Adheres to federal and state Fair Housing Laws as well as all company policies....
"King of Prussia, PA",Equipment Dealership,Receptionist/Administrative Assistant,_Montgomery County equipment dealership is seeking a highly-motivated individual to answer phones and assist with various office duties....
"King of Prussia, PA",,Wedding Suite Customer Coordinator - The Plaza at King of Pr...,"Answer telephone calls, schedule and confirm appointments via email. Attend to client needs and answer client questions...."
"King of Prussia, PA",,Receptionist/Administrative Assistant,_Montgomery County equipment dealership is seeking a highly-motivated individual to answer phones and assist with various office duties....
"Princeton, NJ",Home Care Partners,Home Care - Client Manager,"Providing active care management for our clients, answering their questions, conducting periodic home visits, and coordinating with their families...."
"Princeton, NJ","The ELM Group, Inc.",Part-time Administrative Assistant,Answering and directing incoming calls. Required license or certification:. Have a Driver’s license. Serving as the primary receptionist....
"Princeton, NJ",grit + polish,Nail Techs: Love Your Job!,Cosmetology/manicuring license must be current. Required licenses or certifications:. Innovative woman-owned nail salon opening soon in Princeton area seeking...
"Princeton, NJ",,Faculty Assistant,"Answer and route phone calls, mail and email messages, and may handle wide-range dissemination of information...."
"Princeton, NJ",,"Program Analyst, GS-0343-9/11 (Open to All U.S. Citizens) HK",Experience conducting independent studies and surveys to determine effectiveness of current work processes in an organization;...
"Allentown, PA",,EQUIPMENT SUPPORT TEAM (EST) DESK REPRESENTATIVE,"The EST Desk Representative is part of that team and is responsible for the day-to-day phone/technical support of the Customer Base, Field Technicians,..."
"Allentown, PA",,Business Operations Analyst EU,This position is responsible for providing analysis and solution of complex business process and technical problems with a focus on improving operational...
"Allentown, PA",,Admissions Representative,"Medical Assistant, Practical Nurse, Electronic Engineering Technology, Computer and Network Support Technician and Medical Assisting Technology...."
"Allentown, PA",,Provider and Network Services Support Representative,"Also assists Provider Services with multiple large projects including contracts, filing, onbase filing, mass mailings, database maintenance, telephone..."
"Allentown, PA",,Administrative Specialist,Develop and maintain Marketing materials and brochures. Gree with a Bachelor’s degree preferred. Assist in developing and maintaining a website....
"Wilmington, DE",,Office Manager,Manage outflow of calls to current or prospective clients/customers.- Schedule Current Customers for their Installation.- Organize the Calendar for the...
"Wilmington, DE",Popalock Locksmith,Entry Level Technician,No CDL required. Must be dependable with good customer service skills and good driving record. Pop-A-Lock Locksmith and Lockout Services has immediate openings...
"Wilmington, DE",ChiroFusion EHR (Chiropractic Software),Implementation EHR Specialist (Remote Position),Answer live phone calls and return calls and e-mails in a timely manner while carefully tracking and ticketing each instance of client interaction....
"Wilmington, DE",,ReStore New Castle County,"Manage data entry of all material receipts into management system (Habitrak). Continue the development, establishment and growth of the Habitat for Humanity..."
"Wilmington, DE",,Customer Service Specialist,"Excellent phone communications and interpersonal skills with multiple functional groups including CSRs, Manufacturing, Supply Chain, Product Management, Sales..."
"Philadelphia, PA",RemX Specialty Staffing,Executive Administrative Assistant,"Typing, filing, scheduling, and record keeping, this position performs a broad range of tasks such as coordinating meetings, processing data entry, organizing..."
"Philadelphia, PA",My Auto Store,Auto Parts Delivery Driver,Required license or certification:. Valid driver's license/excellent driving record. CDL is not required. Assist in loading his or her delivery truck (box truck...
"Philadelphia, PA",,Genius - Technical Customer Service (US),"You also educate your team members about products, while independently keeping your own technical know-how up to date...."
"Philadelphia, PA",,Clinical Support Associate- Oncology Clinic,The employee must provide their supervisor with proof of valid certification within 90 days of their start date....
"Philadelphia, PA",,d Transit Police Officer,"Possess a high school diploma or GED, and a valid driver's license. SEPTA is recruiting for Transit Police Officers who will be responsible for ensuring the..."
"Wayne, PA","Transit Systems, Inc.",Marketing/Entrepreneur Intern,"TSI is an Equal Opportunity Employer and do not discriminate against any employee or applicant for employment because of race, color, sex, age, national origin,..."
"Lansdale, PA",AnB Education,Student Coordinator -- For Chinese students,"Required license or certification:. Making phone calls for host families/students/schools. Providing general office assistance (word processing, filing,..."
"Reading, PA",,Intern - Human Resources,"The Penn State Health is committed to affirmative action, equal opportunity and the diversity of its workforce...."
"Union, NJ",,"Fall Internship with Interior Design Firm - West Chester, PA",Required license or certification:. This is an opportunity for those interested in a career in the Interior Design field to “learn the ropes” while gaining real...
"Staten Island, NY",,Game Presentation Fall Intern,Must be an undergraduate or graduate student to an accredited university or college. The Game Presentation Intern will assist the Game Presentation Department...
"Bala-Cynwyd, PA",Medical Alert,Inside Sales Representative,"Performing outbound sales calls with potential customers. With Medical Alert, your motivation, passion and integrity will be the cornerstone of your success..."
"Fort Washington, PA",Nutrisystem,Retention Sales Representative- Account Management $65-75K,Answer incoming calls or make out bound calls to customers who wish to cancel their program. This position receives program cancellation requests via inbound...
"Monmouth Junction, NJ",DCN Hyundai,Automotive Sales Professional,Supportive Management to help YOU succeed. The All New DCN Hyundai (formerly Brad Benson Hyundai)....
"Philadelphia, PA",,Community Marketing Specialist,"Are you stuck behind a desk or job hunting, wishing you could be a part of something new and exciting? Cruise, Resorts, Hotels, Tours, Flights & Car Rentals...."
United States,,Customer Service and Sales Representative,Speak with clients by phone and answer their questions about our products and services. Submit client requested changes to our graphic design team....
"Easton, PA",Integral Staffing,Quality Inspector - 2nd Shift,"Develop specific ideas for improvement and follow through on implementation. Develop procedures for measuring, testing, and monitoring...."
"Philadelphia, PA",Camp Trucking,Temporary Truck Drivers Needed,"Our driving staff is comprised of about 120 University-age drivers primarily hired from transit programs at schools such as UConn, UMass, SUNY Binghamton, UVA,..."
"Forked River, NJ",,Electrical Maintenance Technician - Nuclear- Fixed Term,"Performs routine clerical work including station log and/or field and time reports, material requisitions, etc...."
"Easton, PA",,"Seasonal Warehouse Associate-Bethlehem, PA","Looking to supplement your income? Currently working, but looking for extra income for the holidays? Come join our fast-paced, friendly environment!..."
"Norristown, PA",,CASUAL MAIL HANDLER,"Have a valid email address to apply as communication regarding employment opportunities, examinations, interviews and...."
"Parsippany, NJ",,EXECUTIVE ASSISTANT (4775),"Screens incoming calls and correspondence; Answers phones, takes messages and coordinates call-backs. Pertinent Federal and State laws related to area of..."
"Philadelphia, PA",Boomerang Transport,Driver Needed – Transports to Dr Appointments,"Legal State driver’s license and current personal insurance policy. Required license or certification:. Above all we need DEPENDABLE, friendly and courteous..."
"Flourtown, PA",Riders' Club Cooperative,Drivers--Part Time,"Earn $18-$42 per hour giving rides to frail seniors, school children and the handicapped in your own reliable car or minivan starting September...."
"Warrington, PA",,Entry level opening for Drug Safety Associate,"Responsible for the receipt and data entry of adverse event reports following company standard operating procedures, internal business practices and regulatory..."
"Conshohocken, PA",,Administrative Assistant,"Responsibilities provide general administrative and clerical support including mailing, scanning, faxing and copying to management maintain electronic and hard..."
"Cranbury, NJ",PERRINE AUTO GROUP,Evening Receptionist/Cashier,"Answering phones, scanning, assisting customers, receiving payments, writing receipts, closing repair orders, and light filing...."
"Clifton Heights, PA","Artisan Smiles, PC",Receptionist and Administrative Assistant,"Required license or certification:. Performs all levels of front desk and billing functions, which encompasses patient scheduling, registration, accurate..."
"Philadelphia, PA",Cristo Rey Philadelphia High School,Part-Time Assistant to Director of Finance and Operations,Process the financial aid application process with incoming Freshmen families. Process cash receipts. _“ … to nurture and challenge young women and men to...
"Morristown, NJ",,PART-TIME ADMIN ASST B,"Responding to telephone, email, and walk-in inquiries; Scheduling room reservations; Penn adheres to a policy that prohibits discrimination on the basis of race..."
"Philadelphia, PA",,Bus Ticket Seller,Has been providing superior motor coach service since 1947 and our drivers are among the best in the business....
"Pine Grove, PA",Workforce Opportunity Services,Project Coordinator,"Prior experience in related field. Open, sort and distribute incoming correspondences. We partner with corporations throughout the United States to open up full..."
"Milford, NJ",Global Health Care Management,Warehouse Representatitve,"Warehouse Department: F/T position M-F days 9 AM to 5 PM * Package finished product for shipping (shrink wrapping, boxing, labeling). * Unloading of trucks"
"Wyomissing, PA",,Administrative Assistant,"Functions include all levels of departmental administrative support including but not limited to copying, phone/reception, mail handling, filing, scheduling..."
"Easton, PA",,Clinical Support Associate- Oncology Clinic,The employee must provide their supervisor with proof of valid certification within 90 days of their start date....
"Hackettstown, NJ",,d Transit Police Officer,"Possess a high school diploma or GED, and a valid driver's license. SEPTA is recruiting for Transit Police Officers who will be responsible for ensuring the..."
"Philadelphia, PA",,Account Sales Executive - Philadelphia,"Stability meets Agility. With more than $2 billion in revenues, CDK Global (NASDAQ: CDK) is a leading global provider of integrated information technology"
"Philadelphia, PA",,Due Diligence Analyst,"Alternate Locations: Philadelphia, PA (Pennsylvania) Relocation assistance is not available for this opportunity. Requisition #7323 About the Company"
"Philadelphia, PA",,Call Center Sales Manager,"Responsibilities As a Sales Manager, youll be leading a call center team to deliver the best customer service. Youll take care of motivating your team,"
"Fort Washington, PA",,Project Manager II - 90182976 - Philadelphia,Your success is a train ride away. Amtrak connects businesses and communities across the country and we move America’s workforce toward the future. We employ
"Hackettstown, NJ",,ASSOCIATE ATHLETIC DIRECTOR FOR ADMINISTRATION,Associate Athletic Director for Administration is a dynamic position working directly with the Director and Deputy to develop and implement communication
"Glen Mills, PA",New Carbon Company LLC,Marketing Coordinator,"Proficiency in Microsoft Office, Powerpoint and Excel. Proficiency in Adobe Products – Dreamweaver, Photoshop, Illustrator and Indesign...."
"Philadelphia, PA","Colonial Supply Co., Inc.",Project Coordinator,"Ability to use computing skills and knowledge to complete required job tasks. High attention to detail, ability to match information and place it accurately...."
"Conshohocken, PA",,Management Trainee,"As you progress, you will be tested and evaluated to determine your proficiency in these areas. Regardless of college major or professional experience, nearly..."
"Dover, DE",,Club Fleet Service Advisor,"Ability to operate a PC based software (Microsoft Office Suite, Word, Windows, Excel) and computer programs used for repair orders, invoicing, etc. This..."
"Philadelphia, PA",,Executive Assistant to the President,"MS Word, excel, Power Point and Outlook. Screen and coordinate correspondence and communication for the President & CEO...."
"Philadelphia, PA",,Science Teacher,Job Descriptions: Camelot Education is excited about opening a new school in partnership with The School District of Philadelphia. This new campus will be an
"Philadelphia, PA",Post Brothers Apartments,Project Superintendent,Job Description:  Construction Superintendent oversees in-house general contracting of various renovation projects in the Philadelphia area. The
"Philadelphia, PA",,Scrum Master,"The Company Willis Towers Watson is a leading global advisory, broking and solutions company that helps clients around the world turn risk into a path for"
"Manasquan, NJ",,Office Assistant,"We are looking for a professional, detail-oriented, and motivated Office Assistant to join our team in South Philadelphia. The position will work closely with"
"Clinton, NJ",,Administrative Assistant (IDS),This position provides a variety of complex and diverse administrative and clerical supports for the Director of IDS....
"Lancaster, PA",Lancashire Hall Nursing and Rehabilitation Center,Hospital Liaison,"Located in popular Lancaster, Pennsylvania, Lancashire Hall is a skilled nursing and rehabilitation facility. Our goal is to respond to each resident's"
"West Reading, PA",,Clerk - Labor & Delivery,"Open Date 7/28/2016 Division Reading Hospital Description The Clerk is responsible for providing customer service, clerical and departmental support. Duties"
"Philadelphia, PA",,Delivery Driver,"More information about this job: Sysco Philadelphia is located at 600 Packer Avenue,Philadelphia,PA,19148 OVERVIEW: At Sysco, we offer our associates the"
"Philadelphia, PA",,Administrative Assistant (IDS),This position provides a variety of complex and diverse administrative and clerical supports for the Director of IDS. The position requires effective public
"Cranford, NJ",,ASSOCIATE ATHLETIC DIRECTOR FOR ADMINISTRATION,Associate Athletic Director for Administration is a dynamic position working directly with the Director and Deputy to develop and implement communication
"Warrington, PA",Earthborne Equipment,Construction Equipment Technician - Entry Level,"Earthborne Trucks and Equipment is a truck and equipment dealership in Warrington, PA and celebrates 40 years of service this year. A great opportunity with"
"Schuylkill Haven, PA",Cardinal Systems Inc,Shipping/Receiving Associate,"Cardinal Systems, Inc., Schuylkill Haven location is seeking a Shipper/Receiver. The essential functions and qualifications of the position are listed below:"
"Landing, NJ",Preferred Care at Home of NW New Jersey,Live-in & Live-in Relief CHHA,Preferred Care at Home of NW New Jersey is a rapidly growing home health care agency servicing Morris and Sussex Counties in northwest New Jersey. We have a
"East Hanover, NJ",,BHLDN: Merchandise Assistant,"Unveiled Valentine’s Day, 2011, BHLDN offers the bride, party-goer, and party thrower something outside the ordinary for her most anticipated occasions."
"Mount Joy, PA",,Anthropologie: Merchandise Assistant,"Founded in 1992, Anthropologie (www.anthropologie.com) operates more than 175 retail stores in North America and Europe, and ships to over 100 countries"
"Keasbey, NJ",,Hotel Front Desk Supervisor,Daily interaction with the guests to identify quality lead generation and assist guests with future travel needs....
"Conshohocken, PA",,Human Resources Specialist (Recruitment and Placement),"Conducts job analyses on a wide variety of complex positions using research, interview, observation and analytical techniques to gather, document and analyze..."
"Township of South Brunswick, NJ",,Meter Technician Trainee SCD NERC,High school or vocational school education or equivalentExperience demonstrating skill working on meters and all types of electric energy measuring devices and...
